Test_Chunk,Accuracy,Precision,Recall,F1-Score,ROC-AUC,PR-AUC
Chunk_1,0.9984330371310695,0.9962253022707166,0.9944657050338535,0.9953447259870359,0.9998000100123493,0.9980682765802125
Chunk_2,0.9985024595366551,0.996283185840708,0.9948159057437408,0.9955490051584377,0.9997707177463534,0.997770908648327
Chunk_3,0.998730561726436,0.9975194897236003,0.9949340245051838,0.9962250796272266,0.999757226258434,0.9983639641134615
Chunk_4,0.9983735322119962,0.9963928322085176,0.9940794056187602,0.9952347745234774,0.9997881533669285,0.997979452385121
Chunk_5,0.9984727070771183,0.9960504597972176,0.9948775317946302,0.9954636502886768,0.9997597253399744,0.9979072673024014
