Model,Accuracy,Precision,Recall,F1-Score,ROC-AUC,PR-AUC,Training Time
Logistic Regression,0.9572734846080609,0.8822122606929539,0.8621224221355757,0.872051652143956,0.9884994518594796,0.9522246274259749,147.5067389011383
Random Forest,0.9985401459854014,0.996377663828386,0.9949734579790482,0.9956750658142158,0.9997903127860978,0.9980658224294112,256.47085976600647
Neural Network,0.9893525864804824,0.9847372770135615,0.9517076149762767,0.9679407548972766,0.9992515048007504,0.996722538337688,89.72755742073059
