Model,Accuracy,Precision,Recall,F1-Score,Training Time,ROC-AUC,PR-AUC
Random Forest (SMOTE),0.9985857664233576,0.9953535851314724,0.9962770705125193,0.9958151137197359,425.8766884803772,0.9997448572542661,0.9976186207858236
Random Forest,0.9985262615042844,0.996213947253936,0.9950556677784563,0.9956344706428433,205.58604741096497,0.9997565406755726,0.9978808262840989
Deep Learning,0.9871806569343066,0.973623701349513,0.9498285338469489,0.9615789317242814,213.61226320266724,0.9991181071328777,0.9959562047272388
Logistic Regression,0.9570731513805141,0.8810695341190025,0.862216376192042,0.8715410092952028,81.7248272895813,0.9879120407613351,0.949649419264742
Logistic Regression (SMOTE),0.94040582354808,0.7479771387426308,0.9759947385728379,0.8469067988769599,249.49350500106812,0.9880247947607639,0.9472136806874251
Isolation Forest,0.8482148524278007,0.5465910318746623,0.5941067318081458,0.5693592499634211,8.72868537902832,,
