Model,Accuracy,Precision,Recall,F1-Score,Training Time
Random Forest Multi-Class,0.9981771659790543,0.9981318135689835,0.9981771659790543,0.9981503448875638,267.9012784957886
