Model,Accuracy,Precision,Recall,F1-Score,Training Time
Random Forest Multi-Class,0.998224769914313,0.9981851752388312,0.998224769914313,0.9982012896751848,279.58975529670715
